timestampMillis,pos_slew,vel_slew,pos_boom,vel_boom,pos_jib,vel_jib,pos_extension,vel_extension,pos_winch,vel_winch,estopLatched,deadmanHeld,watchdogTripped,alarms
1784216431434,0.0000,0.0000,6.6696,0.0923,0.0000,0.0000,0.0000,0.0000,0.0000,0.0000,false,false,false,""
1784216431454,0.0000,0.0000,6.6713,0.0879,0.0000,0.0000,0.0000,0.0000,0.0000,0.0000,false,false,false,""
1784216431475,0.0000,0.0000,6.6731,0.0833,0.0000,0.0000,0.0000,0.0000,0.0000,0.0000,false,false,false,""
1784216431494,0.0000,0.0000,6.6746,0.0794,0.0000,0.0000,0.0000,0.0000,0.0000,0.0000,false,false,false,""
1784216431514,0.0000,0.0000,6.6761,0.0757,0.0000,0.0000,0.0000,0.0000,0.0000,0.0000,false,false,false,""
1784216431535,0.0000,0.0000,6.6776,0.0718,0.0000,0.0000,0.0000,0.0000,0.0000,0.0000,false,false,false,""
1784216431555,0.0000,0.0000,6.6790,0.0683,0.0000,0.0000,0.0000,0.0000,0.0000,0.0000,false,false,false,""
1784216431574,0.0000,0.0000,6.6803,0.0650,0.0000,0.0000,0.0000,0.0000,0.0000,0.0000,false,false,false,""
1784216431594,0.0000,0.0000,6.6815,0.0619,0.0000,0.0000,0.0000,0.0000,0.0000,0.0000,false,false,false,""
1784216431615,0.0000,0.0000,6.6827,0.0588,0.0000,0.0000,0.0000,0.0000,0.0000,0.0000,false,false,false,""
1784216431635,0.0000,0.0000,6.6838,0.0559,0.0000,0.0000,0.0000,0.0000,0.0000,0.0000,false,false,false,""
1784216431655,0.0000,0.0000,6.6848,0.0532,0.0000,0.0000,0.0000,0.0000,0.0000,0.0000,false,false,false,""
1784216431675,0.0000,0.0000,6.6859,0.0506,0.0000,0.0000,0.0000,0.0000,0.0000,0.0000,false,false,false,""
1784216431694,0.0000,0.0000,6.6868,0.0483,0.0000,0.0000,0.0000,0.0000,0.0000,0.0000,false,false,false,""
1784216431714,0.0000,0.0000,6.6877,0.0459,0.0000,0.0000,0.0000,0.0000,0.0000,0.0000,false,false,false,""
1784216431734,0.0000,0.0000,6.6886,0.0436,0.0000,0.0000,0.0000,0.0000,0.0000,0.0000,false,false,false,""
1784216431754,0.0000,0.0000,6.6894,0.0416,0.0000,0.0000,0.0000,0.0000,0.0000,0.0000,false,false,false,""
1784216431773,0.0000,0.0000,6.6902,0.0395,0.0000,0.0000,0.0000,0.0000,0.0000,0.0000,false,false,false,""
1784216431794,0.0000,0.0000,6.6910,0.0375,0.0000,0.0000,0.0000,0.0000,0.0000,0.0000,false,false,false,""
1784216431813,0.0000,0.0000,6.6917,0.0358,0.0000,0.0000,0.0000,0.0000,0.0000,0.0000,false,false,false,""
1784216431834,0.0000,0.0000,6.6923,0.0340,0.0000,0.0000,0.0000,0.0000,0.0000,0.0000,false,false,false,""
1784216431854,0.0000,0.0000,6.6930,0.0323,0.0000,0.0000,0.0000,0.0000,0.0000,0.0000,false,false,false,""
1784216431873,0.0000,0.0000,6.6936,0.0307,0.0000,0.0000,0.0000,0.0000,0.0000,0.0000,false,false,false,""
1784216431894,0.0000,0.0000,6.6942,0.0292,0.0000,0.0000,0.0000,0.0000,0.0000,0.0000,false,false,false,""
1784216431915,0.0000,0.0000,6.6948,0.0277,0.0000,0.0000,0.0000,0.0000,0.0000,0.0000,false,false,false,""
1784216431934,0.0000,0.0000,6.6953,0.0265,0.0000,0.0000,0.0000,0.0000,0.0000,0.0000,false,false,false,""
1784216431955,0.0000,0.0000,6.6958,0.0251,0.0000,0.0000,0.0000,0.0000,0.0000,0.0000,false,false,false,""
1784216431974,0.0000,0.0000,6.6963,0.0239,0.0000,0.0000,0.0000,0.0000,0.0000,0.0000,false,false,false,""
1784216431994,0.0000,0.0000,6.6967,0.0228,0.0000,0.0000,0.0000,0.0000,0.0000,0.0000,false,false,false,""
1784216432014,0.0000,0.0000,6.6971,0.0217,0.0000,0.0000,0.0000,0.0000,0.0000,0.0000,false,false,false,""
1784216432035,0.0000,0.0000,6.6976,0.0206,0.0000,0.0000,0.0000,0.0000,0.0000,0.0000,false,false,false,""
1784216432054,0.0000,0.0000,6.6980,0.0196,0.0000,0.0000,0.0000,0.0000,0.0000,0.0000,false,false,false,""
1784216432075,0.0000,0.0000,6.6984,0.0186,0.0000,0.0000,0.0000,0.0000,0.0000,0.0000,false,false,false,""
1784216432094,0.0000,0.0000,6.6987,0.0178,0.0000,0.0000,0.0000,0.0000,0.0000,0.0000,false,false,false,""
1784216432115,0.0000,0.0000,6.6990,0.0168,0.0000,0.0000,0.0000,0.0000,0.0000,0.0000,false,false,false,""
1784216432134,0.0000,0.0000,6.6993,0.0160,0.0000,0.0000,0.0000,0.0000,0.0000,0.0000,false,false,false,""
1784216432154,0.0000,0.0000,6.6996,0.0153,0.0000,0.0000,0.0000,0.0000,0.0000,0.0000,false,false,false,""
1784216432174,0.0000,0.0000,6.6999,0.0145,0.0000,0.0000,0.0000,0.0000,0.0000,0.0000,false,false,false,""
1784216432195,0.0000,0.0000,6.7002,0.0138,0.0000,0.0000,0.0000,0.0000,0.0000,0.0000,false,false,false,""
1784216432215,0.0000,0.0000,6.7005,0.0131,0.0000,0.0000,0.0000,0.0000,0.0000,0.0000,false,false,false,""
1784216432235,0.0000,0.0000,6.7007,0.0125,0.0000,0.0000,0.0000,0.0000,0.0000,0.0000,false,false,false,""
1784216432255,0.0000,0.0000,6.7010,0.0119,0.0000,0.0000,0.0000,0.0000,0.0000,0.0000,false,false,false,""
1784216432274,0.0000,0.0000,6.7012,0.0113,0.0000,0.0000,0.0000,0.0000,0.0000,0.0000,false,true,false,""
1784216432295,0.0000,0.0000,6.7014,0.0107,0.0000,0.0000,0.0000,0.0000,0.0000,0.0000,false,true,false,""
1784216432314,0.0000,0.0000,6.7016,0.0102,0.0000,0.0000,0.0000,0.0000,0.0000,0.0000,false,true,false,""
1784216432334,0.0000,0.0000,6.7018,0.0097,0.0000,0.0000,0.0000,0.0000,0.0000,0.0000,false,true,false,""
1784216432354,0.0000,0.0000,6.7020,0.0093,0.0000,0.0000,0.0000,0.0000,0.0000,0.0000,false,true,false,""
1784216432373,0.0000,0.0000,6.7022,0.0088,0.0000,0.0000,0.0000,0.0000,0.0000,0.0000,false,true,false,""
1784216432394,0.0000,0.0000,6.7023,0.0084,0.0000,0.0000,0.0000,0.0000,0.0000,0.0000,false,true,false,""
1784216432413,0.0000,0.0000,6.7025,0.0080,0.0000,0.0000,0.0000,0.0000,0.0000,0.0000,false,true,false,""
1784216432434,0.0000,0.0000,6.7027,0.0076,0.0000,0.0000,0.0000,0.0000,0.0000,0.0000,false,true,false,""
1784216432455,0.0000,0.0000,6.7028,0.0072,0.0000,0.0000,0.0000,0.0000,0.0000,0.0000,false,true,false,""
1784216432474,0.0000,0.0000,6.7029,0.0069,0.0000,0.0000,0.0000,0.0000,0.0000,0.0000,false,true,false,""
1784216432493,0.0000,0.0000,6.7031,0.0065,0.0000,0.0000,0.0000,0.0000,0.0000,0.0000,false,true,false,""
1784216432514,0.0000,0.0000,6.7032,0.0062,0.0000,0.0000,0.0000,0.0000,0.0000,0.0000,false,true,false,""
1784216432535,0.0000,0.0000,6.7033,0.0059,0.0000,0.0000,0.0000,0.0000,0.0000,0.0000,false,true,false,""
1784216432554,0.0000,0.0000,6.7034,0.0056,0.0000,0.0000,0.0000,0.0000,0.0000,0.0000,false,true,false,""
1784216432574,0.0000,0.0000,6.7035,0.0053,0.0000,0.0000,0.0000,0.0000,0.0000,0.0000,false,true,false,""
1784216432594,0.0000,0.0000,6.7036,0.0051,0.0000,0.0000,0.0000,0.0000,0.0000,0.0000,false,true,false,""
1784216432615,0.0000,0.0000,6.7037,0.0048,0.0000,0.0000,0.0000,0.0000,0.0000,0.0000,false,true,false,""
1784216432635,0.0000,0.0000,6.7038,0.0046,0.0000,0.0000,0.0000,0.0000,0.0000,0.0000,false,true,false,""
1784216432654,0.0000,0.0000,6.7039,0.0044,0.0000,0.0000,0.0000,0.0000,0.0000,0.0000,false,true,false,""
1784216432673,0.0000,0.0000,6.7040,0.0042,0.0000,0.0000,0.0000,0.0000,0.0000,0.0000,false,true,false,""
1784216432694,0.0000,0.0000,6.7041,0.0040,0.0000,0.0000,0.0000,0.0000,0.0000,0.0000,false,true,false,""
1784216432714,0.0000,0.0000,6.7041,0.0038,0.0000,0.0000,0.0000,0.0000,0.0000,0.0000,false,true,false,""
1784216432735,0.0000,0.0000,6.7042,0.0036,0.0000,0.0000,0.0000,0.0000,0.0000,0.0000,false,true,false,""
1784216432755,0.0000,0.0000,6.7043,0.0034,0.0000,0.0000,0.0000,0.0000,0.0000,0.0000,false,true,false,""
1784216432774,0.0000,0.0000,6.7043,0.0032,0.0000,0.0000,0.0000,0.0000,0.0000,0.0000,false,true,false,""
1784216432794,0.0000,0.0000,6.7044,0.0031,0.0000,0.0000,0.0000,0.0000,0.0000,0.0000,false,true,false,""
1784216432814,0.0000,0.0000,6.7045,0.0029,0.0000,0.0000,0.0000,0.0000,0.0000,0.0000,false,true,false,""
1784216432835,0.0000,0.0000,6.7045,0.0028,0.0000,0.0000,0.0000,0.0000,0.0000,0.0000,false,true,false,""
1784216432854,0.0000,0.0000,6.7046,0.0027,0.0000,0.0000,0.0000,0.0000,0.0000,0.0000,false,true,false,""
1784216432875,0.0000,0.0000,6.7046,0.0025,0.0000,0.0000,0.0000,0.0000,0.0000,0.0000,false,true,false,""
1784216432894,0.0000,0.0000,6.7047,0.0024,0.0000,0.0000,0.0000,0.0000,0.0000,0.0000,false,true,false,""
1784216432914,0.0000,0.0000,6.7047,0.0023,0.0000,0.0000,0.0000,0.0000,0.0000,0.0000,false,true,false,""
1784216432934,0.0000,0.0000,6.7048,0.0022,0.0000,0.0000,0.0000,0.0000,0.0000,0.0000,false,true,false,""
1784216432954,0.0000,0.0000,6.7048,0.0021,0.0000,0.0000,0.0000,0.0000,0.0000,0.0000,false,true,false,""
1784216432973,0.0000,0.0000,6.7048,0.0020,0.0000,0.0000,0.0000,0.0000,0.0000,0.0000,false,true,false,""
1784216432994,0.0000,0.0000,6.7049,0.0019,0.0000,0.0000,0.0000,0.0000,0.0000,0.0000,false,true,false,""
1784216433015,0.0000,0.0000,6.7049,0.0018,0.0000,0.0000,0.0000,0.0000,0.0000,0.0000,false,true,false,""
1784216433034,0.0000,0.0000,6.7049,0.0017,0.0000,0.0000,0.0000,0.0000,0.0000,0.0000,false,true,false,""
1784216433054,0.0000,0.0000,6.7050,0.0016,0.0000,0.0000,0.0000,0.0000,0.0000,0.0000,false,true,false,""
1784216433074,0.0000,0.0000,6.7050,0.0015,0.0000,0.0000,0.0000,0.0000,0.0000,0.0000,false,true,false,""
1784216433094,0.0000,0.0000,6.7050,0.0015,0.0000,0.0000,0.0000,0.0000,0.0000,0.0000,false,true,false,""
1784216433114,0.0000,0.0000,6.7051,0.0014,0.0000,0.0000,0.0000,0.0000,0.0000,0.0000,false,true,false,""
1784216433134,0.0000,0.0000,6.7051,0.0013,0.0000,0.0000,0.0000,0.0000,0.0000,0.0000,false,true,false,""
1784216433156,0.0000,0.0000,6.7051,0.0012,0.0000,0.0000,0.0000,0.0000,0.0000,0.0000,false,true,false,""
1784216433174,0.0000,0.0000,6.7051,0.0012,0.0000,0.0000,0.0000,0.0000,0.0000,0.0000,false,true,false,""
1784216433194,0.0000,0.0000,6.7052,0.0011,0.0000,0.0000,0.0000,0.0000,0.0000,0.0000,false,true,false,""
1784216433215,0.0000,0.0000,6.7052,0.0011,0.0000,0.0000,0.0000,0.0000,0.0000,0.0000,false,true,false,""
1784216433234,0.0000,0.0000,6.7052,0.0010,0.0000,0.0000,0.0000,0.0000,0.0000,0.0000,false,true,false,""
1784216433256,0.0000,0.0000,6.7052,0.0010,0.0000,0.0000,0.0000,0.0000,0.0000,0.0000,false,true,false,""
1784216433274,0.0000,0.0000,6.7052,0.0009,0.0000,0.0000,0.0000,0.0000,0.0000,0.0000,false,true,false,""
1784216433295,0.0000,0.0000,6.7053,0.0009,0.0000,0.0000,0.0000,0.0000,0.0000,0.0000,false,true,false,""
1784216433315,0.0000,0.0000,6.7053,0.0008,0.0000,0.0000,0.0000,0.0000,0.0000,0.0000,false,true,false,""
1784216433334,0.0000,0.0000,6.7053,0.0008,0.0000,0.0000,0.0000,0.0000,0.0000,0.0000,false,true,false,""
1784216433354,0.0000,0.0000,6.7053,0.0008,0.0000,0.0000,0.0000,0.0000,0.0000,0.0000,false,true,false,""
1784216433373,0.0000,0.0000,6.7053,0.0007,0.0000,0.0000,0.0000,0.0000,0.0000,0.0000,false,true,false,""
1784216433394,0.0000,0.0000,6.7053,0.0007,0.0000,0.0000,0.0000,0.0000,0.0000,0.0000,false,true,false,""
1784216433414,0.0000,0.0000,6.7054,0.0007,0.0000,0.0000,0.0000,0.0000,0.0000,0.0000,false,true,false,""
1784216433434,0.0000,0.0000,6.7054,0.0006,0.0000,0.0000,0.0000,0.0000,0.0000,0.0000,false,true,false,""
1784216433455,0.0000,0.0000,6.7054,0.0006,0.0000,0.0000,0.0000,0.0000,0.0000,0.0000,false,true,false,""
1784216433474,0.0000,0.0000,6.7054,0.0006,0.0000,0.0000,0.0000,0.0000,0.0000,0.0000,false,true,false,""
1784216433494,0.0000,0.0000,6.7054,0.0005,0.0000,0.0000,0.0000,0.0000,0.0000,0.0000,false,true,false,""
1784216433514,0.0000,0.0000,6.7054,0.0005,0.0000,0.0000,0.0000,0.0000,0.0000,0.0000,false,true,false,""
1784216433536,0.0000,0.0000,6.7054,0.0005,0.0000,0.0000,0.0000,0.0000,0.0000,0.0000,false,true,false,""
1784216433554,0.0000,0.0000,6.7054,0.0005,0.0000,0.0000,0.0000,0.0000,0.0000,0.0000,false,true,false,""
1784216433574,0.0000,0.0000,6.7054,0.0004,0.0000,0.0000,0.0000,0.0000,0.0000,0.0000,false,true,false,""
1784216433594,0.0000,0.0000,6.7054,0.0004,0.0000,0.0000,0.0000,0.0000,0.0000,0.0000,false,true,false,""
1784216433615,0.0000,0.0000,6.7055,0.0004,0.0000,0.0000,0.0000,0.0000,0.0000,0.0000,false,true,false,""
1784216433634,0.0000,0.0000,6.7055,0.0004,0.0000,0.0000,0.0000,0.0000,0.0000,0.0000,false,true,false,""
1784216433654,0.0000,0.0000,6.7055,0.0004,0.0000,0.0000,0.0000,0.0000,0.0000,0.0000,false,true,false,""
1784216433674,0.0000,0.0000,6.7055,0.0003,0.0000,0.0000,0.0000,0.0000,0.0000,0.0000,false,true,false,""
1784216433694,0.0000,0.0000,6.7055,0.0003,0.0000,0.0000,0.0000,0.0000,0.0000,0.0000,false,true,false,""
1784216433714,0.0000,0.0000,6.7055,0.0003,0.0000,0.0000,0.0000,0.0000,0.0000,0.0000,false,true,false,""
1784216433734,0.0000,0.0000,6.7055,0.0003,0.0000,0.0000,0.0000,0.0000,0.0000,0.0000,false,true,false,""
1784216433755,0.0000,0.0000,6.7055,0.0003,0.0000,0.0000,0.0000,0.0000,0.0000,0.0000,false,true,false,""
1784216433774,0.0000,0.0000,6.7055,0.0003,0.0000,0.0000,0.0000,0.0000,0.0000,0.0000,false,true,false,""
1784216433795,0.0000,0.0000,6.7056,0.0058,0.0000,0.0000,0.0000,0.0000,0.0000,0.0000,false,true,false,""
1784216433815,0.0000,0.0000,6.7060,0.0171,0.0000,0.0000,0.0000,0.0000,0.0000,0.0000,false,true,false,""
1784216433835,0.0000,0.0000,6.7066,0.0333,0.0000,0.0000,0.0000,0.0000,0.0000,0.0000,false,true,false,""
1784216433856,0.0000,0.0000,6.7078,0.0563,0.0000,0.0000,0.0000,0.0000,0.0000,0.0000,false,true,false,""
1784216433874,0.0000,0.0000,6.7093,0.0801,0.0000,0.0000,0.0000,0.0000,0.0000,0.0000,false,true,false,""
1784216433894,0.0000,0.0000,6.7115,0.1108,0.0000,0.0000,0.0000,0.0000,0.0000,0.0000,false,true,false,""
1784216433914,0.0000,0.0000,6.7143,0.1451,0.0000,0.0000,0.0000,0.0000,0.0000,0.0000,false,true,false,""
1784216433934,0.0000,0.0000,6.7180,0.1845,0.0000,0.0000,0.0000,0.0000,0.0000,0.0000,false,true,false,""
1784216433954,0.0000,0.0000,6.7225,0.2273,0.0000,0.0000,0.0000,0.0000,0.0000,0.0000,false,true,false,""
1784216433974,0.0000,0.0000,6.7281,0.2744,0.0000,0.0000,0.0000,0.0000,0.0000,0.0000,false,true,false,""
1784216433994,0.0000,0.0000,6.7346,0.3251,0.0000,0.0000,0.0000,0.0000,0.0000,0.0000,false,true,false,""
1784216434014,0.0000,0.0000,6.7423,0.3793,0.0000,0.0000,0.0000,0.0000,0.0000,0.0000,false,true,false,""
1784216434034,0.0000,0.0000,6.7509,0.4357,0.0000,0.0000,0.0000,0.0000,0.0000,0.0000,false,true,false,""
1784216434054,0.0000,0.0000,6.7608,0.4961,0.0000,0.0000,0.0000,0.0000,0.0000,0.0000,false,true,false,""
1784216434074,0.0000,0.0000,6.7726,0.5617,0.0000,0.0000,0.0000,0.0000,0.0000,0.0000,false,true,false,""
1784216434094,0.0000,0.0000,6.7845,0.6250,0.0000,0.0000,0.0000,0.0000,0.0000,0.0000,false,true,false,""
1784216434114,0.0000,0.0000,6.7982,0.6923,0.0000,0.0000,0.0000,0.0000,0.0000,0.0000,false,true,false,""
1784216434135,0.0000,0.0000,6.8144,0.7672,0.0000,0.0000,0.0000,0.0000,0.0000,0.0000,false,true,false,""
1784216434154,0.0000,0.0000,6.8304,0.8375,0.0000,0.0000,0.0000,0.0000,0.0000,0.0000,false,true,false,""
1784216434174,0.0000,0.0000,6.8492,0.9154,0.0000,0.0000,0.0000,0.0000,0.0000,0.0000,false,true,false,""
1784216434194,0.0000,0.0000,6.8688,0.9920,0.0000,0.0000,0.0000,0.0000,0.0000,0.0000,false,true,false,""
1784216434214,0.0000,0.0000,6.8900,1.0712,0.0000,0.0000,0.0000,0.0000,0.0000,0.0000,false,true,false,""
1784216434234,0.0000,0.0000,6.9129,1.1526,0.0000,0.0000,0.0000,0.0000,0.0000,0.0000,false,true,false,""
1784216434255,0.0000,0.0000,6.9402,1.2442,0.0000,0.0000,0.0000,0.0000,0.0000,0.0000,false,true,false,""
1784216434274,0.0000,0.0000,6.9644,1.3227,0.0000,0.0000,0.0000,0.0000,0.0000,0.0000,false,true,false,""
1784216434294,0.0000,0.0000,6.9924,1.4092,0.0000,0.0000,0.0000,0.0000,0.0000,0.0000,false,true,false,""
1784216434314,0.0000,0.0000,7.0214,1.4953,0.0000,0.0000,0.0000,0.0000,0.0000,0.0000,false,true,false,""
1784216434334,0.0000,0.0000,7.0535,1.5866,0.0000,0.0000,0.0000,0.0000,0.0000,0.0000,false,true,false,""
1784216434355,0.0000,0.0000,7.0910,1.6881,0.0000,0.0000,0.0000,0.0000,0.0000,0.0000,false,true,false,""
1784216434374,0.0000,0.0000,7.1233,1.7733,0.0000,0.0000,0.0000,0.0000,0.0000,0.0000,false,true,false,""
1784216434395,0.0000,0.0000,7.1618,1.8704,0.0000,0.0000,0.0000,0.0000,0.0000,0.0000,false,true,false,""
1784216434414,0.0000,0.0000,7.2001,1.9637,0.0000,0.0000,0.0000,0.0000,0.0000,0.0000,false,true,false,""
1784216434434,0.0000,0.0000,7.2413,2.0606,0.0000,0.0000,0.0000,0.0000,0.0000,0.0000,false,true,false,""
1784216434454,0.0000,0.0000,7.2846,2.1589,0.0000,0.0000,0.0000,0.0000,0.0000,0.0000,false,true,false,""
1784216434475,0.0000,0.0000,7.3323,2.2631,0.0000,0.0000,0.0000,0.0000,0.0000,0.0000,false,true,false,""
1784216434495,0.0000,0.0000,7.3787,2.3615,0.0000,0.0000,0.0000,0.0000,0.0000,0.0000,false,true,false,""
1784216434514,0.0000,0.0000,7.4243,2.4555,0.0000,0.0000,0.0000,0.0000,0.0000,0.0000,false,true,false,""
1784216434534,0.0000,0.0000,7.4757,2.5580,0.0000,0.0000,0.0000,0.0000,0.0000,0.0000,false,true,false,""
1784216434554,0.0000,0.0000,7.5301,2.6629,0.0000,0.0000,0.0000,0.0000,0.0000,0.0000,false,true,false,""
1784216434574,0.0000,0.0000,7.5856,2.7668,0.0000,0.0000,0.0000,0.0000,0.0000,0.0000,false,true,false,""
1784216434594,0.0000,0.0000,7.6429,2.8712,0.0000,0.0000,0.0000,0.0000,0.0000,0.0000,false,true,false,""
1784216434614,0.0000,0.0000,7.7012,2.9730,0.0000,0.0000,0.0000,0.0000,0.0000,0.0000,false,true,false,""
1784216434634,0.0000,0.0000,7.7631,3.0726,0.0000,0.0000,0.0000,0.0000,0.0000,0.0000,false,true,false,""
1784216434654,0.0000,0.0000,7.8271,3.1675,0.0000,0.0000,0.0000,0.0000,0.0000,0.0000,false,true,false,""
1784216434674,0.0000,0.0000,7.8926,3.2574,0.0000,0.0000,0.0000,0.0000,0.0000,0.0000,false,true,false,""
1784216434694,0.0000,0.0000,7.9600,3.3431,0.0000,0.0000,0.0000,0.0000,0.0000,0.0000,false,true,false,""
1784216434714,0.0000,0.0000,8.0271,3.4223,0.0000,0.0000,0.0000,0.0000,0.0000,0.0000,false,true,false,""
1784216434734,0.0000,0.0000,8.0975,3.4997,0.0000,0.0000,0.0000,0.0000,0.0000,0.0000,false,true,false,""
1784216434755,0.0000,0.0000,8.1758,3.5795,0.0000,0.0000,0.0000,0.0000,0.0000,0.0000,false,true,false,""
1784216434773,0.0000,0.0000,8.2399,3.6407,0.0000,0.0000,0.0000,0.0000,0.0000,0.0000,false,true,false,""
1784216434795,0.0000,0.0000,8.3214,3.7132,0.0000,0.0000,0.0000,0.0000,0.0000,0.0000,false,true,false,""
1784216434814,0.0000,0.0000,8.3914,3.7716,0.0000,0.0000,0.0000,0.0000,0.0000,0.0000,false,true,false,""
1784216434835,0.0000,0.0000,8.4726,3.8349,0.0000,0.0000,0.0000,0.0000,0.0000,0.0000,false,true,false,""
1784216434854,0.0000,0.0000,8.5489,3.8907,0.0000,0.0000,0.0000,0.0000,0.0000,0.0000,false,true,false,""
1784216434875,0.0000,0.0000,8.6290,3.9456,0.0000,0.0000,0.0000,0.0000,0.0000,0.0000,false,true,false,""
1784216434895,0.0000,0.0000,8.7068,3.9956,0.0000,0.0000,0.0000,0.0000,0.0000,0.0000,false,true,false,""
1784216434915,0.0000,0.0000,8.7886,4.0452,0.0000,0.0000,0.0000,0.0000,0.0000,0.0000,false,true,false,""
1784216434934,0.0000,0.0000,8.8657,4.0891,0.0000,0.0000,0.0000,0.0000,0.0000,0.0000,false,true,false,""
1784216434954,0.0000,0.0000,8.9508,4.1348,0.0000,0.0000,0.0000,0.0000,0.0000,0.0000,false,true,false,""
1784216434974,0.0000,0.0000,9.0326,4.1762,0.0000,0.0000,0.0000,0.0000,0.0000,0.0000,false,true,false,""
1784216434994,0.0000,0.0000,9.1160,4.2159,0.0000,0.0000,0.0000,0.0000,0.0000,0.0000,false,true,false,""
1784216435014,0.0000,0.0000,9.2041,4.2555,0.0000,0.0000,0.0000,0.0000,0.0000,0.0000,false,true,false,""
1784216435035,0.0000,0.0000,9.2904,4.2920,0.0000,0.0000,0.0000,0.0000,0.0000,0.0000,false,true,false,""
1784216435055,0.0000,0.0000,9.3798,4.3276,0.0000,0.0000,0.0000,0.0000,0.0000,0.0000,false,true,false,""
1784216435074,0.0000,0.0000,9.4623,4.3587,0.0000,0.0000,0.0000,0.0000,0.0000,0.0000,false,true,false,""
1784216435094,0.0000,0.0000,9.5490,4.3896,0.0000,0.0000,0.0000,0.0000,0.0000,0.0000,false,true,false,""
1784216435114,0.0000,0.0000,9.6382,4.4196,0.0000,0.0000,0.0000,0.0000,0.0000,0.0000,false,true,false,""
1784216435134,0.0000,0.0000,9.7273,4.4480,0.0000,0.0000,0.0000,0.0000,0.0000,0.0000,false,true,false,""
1784216435154,0.0000,0.0000,9.8207,4.4760,0.0000,0.0000,0.0000,0.0000,0.0000,0.0000,false,true,false,""
1784216435174,0.0000,0.0000,9.9065,4.5004,0.0000,0.0000,0.0000,0.0000,0.0000,0.0000,false,true,false,""
1784216435195,0.0000,0.0000,10.0023,4.5262,0.0000,0.0000,0.0000,0.0000,0.0000,0.0000,false,true,false,""
1784216435215,0.0000,0.0000,10.0940,4.5495,0.0000,0.0000,0.0000,0.0000,0.0000,0.0000,false,true,false,""
1784216435234,0.0000,0.0000,10.1771,4.5695,0.0000,0.0000,0.0000,0.0000,0.0000,0.0000,false,true,false,""
1784216435255,0.0000,0.0000,10.2784,4.5926,0.0000,0.0000,0.0000,0.0000,0.0000,0.0000,false,true,false,""
1784216435275,0.0000,0.0000,10.3698,4.6123,0.0000,0.0000,0.0000,0.0000,0.0000,0.0000,false,true,false,""
1784216435294,0.0000,0.0000,10.4587,4.6304,0.0000,0.0000,0.0000,0.0000,0.0000,0.0000,false,true,false,""
1784216435314,0.0000,0.0000,10.5510,4.6483,0.0000,0.0000,0.0000,0.0000,0.0000,0.0000,false,true,false,""
1784216435335,0.0000,0.0000,10.6487,4.6663,0.0000,0.0000,0.0000,0.0000,0.0000,0.0000,false,true,false,""
1784216435355,0.0000,0.0000,10.7397,4.6821,0.0000,0.0000,0.0000,0.0000,0.0000,0.0000,false,true,false,""
1784216435375,0.0000,0.0000,10.8354,4.6979,0.0000,0.0000,0.0000,0.0000,0.0000,0.0000,false,true,false,""
1784216435394,0.0000,0.0000,10.9218,4.7114,0.0000,0.0000,0.0000,0.0000,0.0000,0.0000,false,true,false,""
1784216435414,0.0000,0.0000,11.0178,4.7257,0.0000,0.0000,0.0000,0.0000,0.0000,0.0000,false,true,false,""
1784216435435,0.0000,0.0000,11.1178,4.7398,0.0000,0.0000,0.0000,0.0000,0.0000,0.0000,false,true,false,""
1784216435454,0.0000,0.0000,11.2124,4.7524,0.0000,0.0000,0.0000,0.0000,0.0000,0.0000,false,true,false,""
1784216435474,0.0000,0.0000,11.3043,4.7641,0.0000,0.0000,0.0000,0.0000,0.0000,0.0000,false,true,false,""
1784216435494,0.0000,0.0000,11.3975,4.7753,0.0000,0.0000,0.0000,0.0000,0.0000,0.0000,false,true,false,""
1784216435515,0.0000,0.0000,11.5015,4.7872,0.0000,0.0000,0.0000,0.0000,0.0000,0.0000,false,true,false,""
1784216435535,0.0000,0.0000,11.5966,4.7975,0.0000,0.0000,0.0000,0.0000,0.0000,0.0000,false,true,false,""
1784216435554,0.0000,0.0000,11.6887,4.8070,0.0000,0.0000,0.0000,0.0000,0.0000,0.0000,false,true,false,""
1784216435574,0.0000,0.0000,11.7824,4.8161,0.0000,0.0000,0.0000,0.0000,0.0000,0.0000,false,true,false,""
1784216435594,0.0000,0.0000,11.8825,4.8254,0.0000,0.0000,0.0000,0.0000,0.0000,0.0000,false,true,false,""
1784216435615,0.0000,0.0000,11.9824,4.8342,0.0000,0.0000,0.0000,0.0000,0.0000,0.0000,false,true,false,""
1784216435634,0.0000,0.0000,12.0749,4.8419,0.0000,0.0000,0.0000,0.0000,0.0000,0.0000,false,true,false,""
1784216435654,0.0000,0.0000,12.1688,4.8494,0.0000,0.0000,0.0000,0.0000,0.0000,0.0000,false,true,false,""
1784216435675,0.0000,0.0000,12.2744,4.8574,0.0000,0.0000,0.0000,0.0000,0.0000,0.0000,false,true,false,""
1784216435695,0.0000,0.0000,12.3679,4.8641,0.0000,0.0000,0.0000,0.0000,0.0000,0.0000,false,true,false,""
1784216435715,0.0000,0.0000,12.4674,4.8708,0.0000,0.0000,0.0000,0.0000,0.0000,0.0000,false,true,false,""
1784216435735,0.0000,0.0000,12.5654,4.8772,0.0000,0.0000,0.0000,0.0000,0.0000,0.0000,false,true,false,""
1784216435754,0.0000,0.0000,12.6559,4.8827,0.0000,0.0000,0.0000,0.0000,0.0000,0.0000,false,true,false,""
1784216435774,0.0000,0.0000,12.7536,4.8884,0.0000,0.0000,0.0000,0.0000,0.0000,0.0000,false,true,false,""
1784216435794,0.0000,0.0000,12.8526,4.8939,0.0000,0.0000,0.0000,0.0000,0.0000,0.0000,false,true,false,""
1784216435814,0.0000,0.0000,12.9488,4.8990,0.0000,0.0000,0.0000,0.0000,0.0000,0.0000,false,true,false,""
1784216435835,0.0000,0.0000,13.0543,4.9043,0.0000,0.0000,0.0000,0.0000,0.0000,0.0000,false,true,false,""
1784216435855,0.0000,0.0000,13.1554,4.9091,0.0000,0.0000,0.0000,0.0000,0.0000,0.0000,false,true,false,""
1784216435875,0.0000,0.0000,13.2521,4.9135,0.0000,0.0000,0.0000,0.0000,0.0000,0.0000,false,true,false,""
1784216435894,0.0000,0.0000,13.3459,4.9175,0.0000,0.0000,0.0000,0.0000,0.0000,0.0000,false,true,false,""
1784216435914,0.0000,0.0000,13.4412,4.9214,0.0000,0.0000,0.0000,0.0000,0.0000,0.0000,false,true,false,""
1784216435934,0.0000,0.0000,13.5403,4.9253,0.0000,0.0000,0.0000,0.0000,0.0000,0.0000,false,true,false,""
1784216435954,0.0000,0.0000,13.6395,4.9289,0.0000,0.0000,0.0000,0.0000,0.0000,0.0000,false,true,false,""
1784216435974,0.0000,0.0000,13.7388,4.9324,0.0000,0.0000,0.0000,0.0000,0.0000,0.0000,false,true,false,""
1784216435994,0.0000,0.0000,13.8384,4.9357,0.0000,0.0000,0.0000,0.0000,0.0000,0.0000,false,true,false,""
1784216436014,0.0000,0.0000,13.9349,4.9388,0.0000,0.0000,0.0000,0.0000,0.0000,0.0000,false,true,false,""
1784216436035,0.0000,0.0000,14.0391,4.9419,0.0000,0.0000,0.0000,0.0000,0.0000,0.0000,false,true,false,""
1784216436053,0.0000,0.0000,14.1332,4.9446,0.0000,0.0000,0.0000,0.0000,0.0000,0.0000,false,true,false,""
1784216436074,0.0000,0.0000,14.2336,4.9474,0.0000,0.0000,0.0000,0.0000,0.0000,0.0000,false,true,false,""
1784216436094,0.0000,0.0000,14.3336,4.9500,0.0000,0.0000,0.0000,0.0000,0.0000,0.0000,false,true,false,""
1784216436114,0.0000,0.0000,14.4319,4.9524,0.0000,0.0000,0.0000,0.0000,0.0000,0.0000,false,true,false,""
1784216436134,0.0000,0.0000,14.5304,4.9547,0.0000,0.0000,0.0000,0.0000,0.0000,0.0000,false,true,false,""
1784216436154,0.0000,0.0000,14.6299,4.9569,0.0000,0.0000,0.0000,0.0000,0.0000,0.0000,false,true,false,""
1784216436175,0.0000,0.0000,14.7303,4.9590,0.0000,0.0000,0.0000,0.0000,0.0000,0.0000,false,true,false,""
1784216436194,0.0000,0.0000,14.8291,4.9610,0.0000,0.0000,0.0000,0.0000,0.0000,0.0000,false,true,false,""
1784216436215,0.0000,0.0000,14.9311,4.9630,0.0000,0.0000,0.0000,0.0000,0.0000,0.0000,false,true,false,""
1784216436234,0.0000,0.0000,15.0231,4.9647,0.0000,0.0000,0.0000,0.0000,0.0000,0.0000,false,true,false,""
1784216436254,0.0000,0.0000,15.1266,4.9665,0.0000,0.0000,0.0000,0.0000,0.0000,0.0000,false,true,false,""
1784216436274,0.0000,0.0000,15.2246,4.9681,0.0000,0.0000,0.0000,0.0000,0.0000,0.0000,false,true,false,""
1784216436294,0.0000,0.0000,15.3238,4.9696,0.0000,0.0000,0.0000,0.0000,0.0000,0.0000,false,true,false,""
1784216436314,0.0000,0.0000,15.4232,4.9711,0.0000,0.0000,0.0000,0.0000,0.0000,0.0000,false,true,false,""
1784216436334,0.0000,0.0000,15.5235,4.9725,0.0000,0.0000,0.0000,0.0000,0.0000,0.0000,false,true,false,""
1784216436353,0.0000,0.0000,15.6219,4.9739,0.0000,0.0000,0.0000,0.0000,0.0000,0.0000,false,true,false,""
1784216436375,0.0000,0.0000,15.7256,4.9752,0.0000,0.0000,0.0000,0.0000,0.0000,0.0000,false,true,false,""
1784216436394,0.0000,0.0000,15.8215,4.9763,0.0000,0.0000,0.0000,0.0000,0.0000,0.0000,false,true,false,""
1784216436414,0.0000,0.0000,15.9222,4.9775,0.0000,0.0000,0.0000,0.0000,0.0000,0.0000,false,true,false,""
1784216436435,0.0000,0.0000,16.0224,4.9786,0.0000,0.0000,0.0000,0.0000,0.0000,0.0000,false,true,false,""
1784216436454,0.0000,0.0000,16.1203,4.9796,0.0000,0.0000,0.0000,0.0000,0.0000,0.0000,false,true,false,""
1784216436474,0.0000,0.0000,16.2226,4.9807,0.0000,0.0000,0.0000,0.0000,0.0000,0.0000,false,true,false,""
1784216436494,0.0000,0.0000,16.3189,4.9816,0.0000,0.0000,0.0000,0.0000,0.0000,0.0000,false,true,false,""
1784216436514,0.0000,0.0000,16.4184,4.9825,0.0000,0.0000,0.0000,0.0000,0.0000,0.0000,false,true,false,""
1784216436534,0.0000,0.0000,16.5200,4.9833,0.0000,0.0000,0.0000,0.0000,0.0000,0.0000,false,true,false,""
1784216436553,0.0000,0.0000,16.6174,4.9841,0.0000,0.0000,0.0000,0.0000,0.0000,0.0000,false,true,false,""
1784216436574,0.0000,0.0000,16.7183,4.9849,0.0000,0.0000,0.0000,0.0000,0.0000,0.0000,false,true,false,""
1784216436596,0.0000,0.0000,16.8244,4.9857,0.0000,0.0000,0.0000,0.0000,0.0000,0.0000,false,true,false,""
1784216436614,0.0000,0.0000,16.9169,4.9863,0.0000,0.0000,0.0000,0.0000,0.0000,0.0000,false,true,false,""
1784216436634,0.0000,0.0000,17.0154,4.9870,0.0000,0.0000,0.0000,0.0000,0.0000,0.0000,false,true,false,""
1784216436654,0.0000,0.0000,17.1199,4.9877,0.0000,0.0000,0.0000,0.0000,0.0000,0.0000,false,true,false,""
1784216436677,0.0000,0.0000,17.2320,4.9883,0.0000,0.0000,0.0000,0.0000,0.0000,0.0000,false,true,false,""
1784216436694,0.0000,0.0000,17.3178,4.9888,0.0000,0.0000,0.0000,0.0000,0.0000,0.0000,false,true,false,""
1784216436715,0.0000,0.0000,17.4181,4.9894,0.0000,0.0000,0.0000,0.0000,0.0000,0.0000,false,true,false,""
1784216436734,0.0000,0.0000,17.5170,4.9899,0.0000,0.0000,0.0000,0.0000,0.0000,0.0000,false,true,false,""
1784216436755,0.0000,0.0000,17.6217,4.9904,0.0000,0.0000,0.0000,0.0000,0.0000,0.0000,false,true,false,""
1784216436773,0.0000,0.0000,17.7164,4.9909,0.0000,0.0000,0.0000,0.0000,0.0000,0.0000,false,true,false,""
1784216436794,0.0000,0.0000,17.8129,4.9913,0.0000,0.0000,0.0000,0.0000,0.0000,0.0000,false,true,false,""
1784216436814,0.0000,0.0000,17.9128,4.9917,0.0000,0.0000,0.0000,0.0000,0.0000,0.0000,false,true,false,""
1784216436834,0.0000,0.0000,18.0159,4.9921,0.0000,0.0000,0.0000,0.0000,0.0000,0.0000,false,true,false,""
1784216436854,0.0000,0.0000,18.1153,4.9925,0.0000,0.0000,0.0000,0.0000,0.0000,0.0000,false,true,false,""
1784216436874,0.0000,0.0000,18.2155,4.9929,0.0000,0.0000,0.0000,0.0000,0.0000,0.0000,false,true,false,""
1784216436894,0.0000,0.0000,18.3162,4.9932,0.0000,0.0000,0.0000,0.0000,0.0000,0.0000,false,true,false,""
1784216436916,0.0000,0.0000,18.4216,4.9936,0.0000,0.0000,0.0000,0.0000,0.0000,0.0000,false,true,false,""
1784216436943,0.0000,0.0000,18.5605,4.9940,0.0000,0.0000,0.0000,0.0000,0.0000,0.0000,false,true,false,""
1784216436958,0.0000,0.0000,18.6326,4.9942,0.0000,0.0000,0.0000,0.0000,0.0000,0.0000,false,true,false,""
1784216436974,0.0000,0.0000,18.7129,4.9944,0.0000,0.0000,0.0000,0.0000,0.0000,0.0000,false,true,false,""
1784216436994,0.0000,0.0000,18.8144,4.9947,0.0000,0.0000,0.0000,0.0000,0.0000,0.0000,false,true,false,""
1784216437014,0.0000,0.0000,18.9133,4.9950,0.0000,0.0000,0.0000,0.0000,0.0000,0.0000,false,true,false,""
1784216437034,0.0000,0.0000,19.0138,4.9952,0.0000,0.0000,0.0000,0.0000,0.0000,0.0000,false,true,false,""
1784216437054,0.0000,0.0000,19.1144,4.9955,0.0000,0.0000,0.0000,0.0000,0.0000,0.0000,false,true,false,""
1784216437073,0.0000,0.0000,19.2119,4.9957,0.0000,0.0000,0.0000,0.0000,0.0000,0.0000,false,true,false,""
1784216437094,0.0000,0.0000,19.3152,4.9959,0.0000,0.0000,0.0000,0.0000,0.0000,0.0000,false,true,false,""
1784216437115,0.0000,0.0000,19.4154,4.9961,0.0000,0.0000,0.0000,0.0000,0.0000,0.0000,false,true,false,""
1784216437134,0.0000,0.0000,19.5109,4.9963,0.0000,0.0000,0.0000,0.0000,0.0000,0.0000,false,true,false,""
1784216437153,0.0000,0.0000,19.6135,4.9965,0.0000,0.0000,0.0000,0.0000,0.0000,0.0000,false,true,false,""
1784216437174,0.0000,0.0000,19.7106,4.9966,0.0000,0.0000,0.0000,0.0000,0.0000,0.0000,false,true,false,""
1784216437194,0.0000,0.0000,19.8112,4.9968,0.0000,0.0000,0.0000,0.0000,0.0000,0.0000,false,true,false,""
1784216437214,0.0000,0.0000,19.9115,4.9970,0.0000,0.0000,0.0000,0.0000,0.0000,0.0000,false,false,false,""
1784216437237,0.0000,0.0000,20.0285,4.9903,0.0000,0.0000,0.0000,0.0000,0.0000,0.0000,false,false,false,""
1784216437254,0.0000,0.0000,20.1133,4.9798,0.0000,0.0000,0.0000,0.0000,0.0000,0.0000,false,false,false,""
1784216437274,0.0000,0.0000,20.2137,4.9629,0.0000,0.0000,0.0000,0.0000,0.0000,0.0000,false,false,false,""
1784216437294,0.0000,0.0000,20.3093,4.9418,0.0000,0.0000,0.0000,0.0000,0.0000,0.0000,false,false,false,""
1784216437314,0.0000,0.0000,20.4068,4.9155,0.0000,0.0000,0.0000,0.0000,0.0000,0.0000,false,false,false,""
1784216437334,0.0000,0.0000,20.5073,4.8836,0.0000,0.0000,0.0000,0.0000,0.0000,0.0000,false,false,false,""
1784216437357,0.0000,0.0000,20.6189,4.8430,0.0000,0.0000,0.0000,0.0000,0.0000,0.0000,false,false,false,""
1784216437374,0.0000,0.0000,20.7006,4.8087,0.0000,0.0000,0.0000,0.0000,0.0000,0.0000,false,false,false,""
1784216437394,0.0000,0.0000,20.7949,4.7656,0.0000,0.0000,0.0000,0.0000,0.0000,0.0000,false,false,false,""
1784216437415,0.0000,0.0000,20.8955,4.7154,0.0000,0.0000,0.0000,0.0000,0.0000,0.0000,false,false,false,""
1784216437434,0.0000,0.0000,20.9817,4.6682,0.0000,0.0000,0.0000,0.0000,0.0000,0.0000,false,false,false,""
1784216437453,0.0000,0.0000,21.0734,4.6144,0.0000,0.0000,0.0000,0.0000,0.0000,0.0000,false,false,false,""
1784216437474,0.0000,0.0000,21.1639,4.5575,0.0000,0.0000,0.0000,0.0000,0.0000,0.0000,false,false,false,""
1784216437495,0.0000,0.0000,21.2619,4.4919,0.0000,0.0000,0.0000,0.0000,0.0000,0.0000,false,false,false,""
1784216437514,0.0000,0.0000,21.3439,4.4330,0.0000,0.0000,0.0000,0.0000,0.0000,0.0000,false,false,false,""
1784216437535,0.0000,0.0000,21.4403,4.3602,0.0000,0.0000,0.0000,0.0000,0.0000,0.0000,false,false,false,""
1784216437554,0.0000,0.0000,21.5164,4.2990,0.0000,0.0000,0.0000,0.0000,0.0000,0.0000,false,false,false,""
1784216437574,0.0000,0.0000,21.6040,4.2253,0.0000,0.0000,0.0000,0.0000,0.0000,0.0000,false,false,false,""
1784216437595,0.0000,0.0000,21.6875,4.1512,0.0000,0.0000,0.0000,0.0000,0.0000,0.0000,false,false,false,""
1784216437615,0.0000,0.0000,21.7705,4.0739,0.0000,0.0000,0.0000,0.0000,0.0000,0.0000,false,false,false,""
1784216437634,0.0000,0.0000,21.8498,3.9965,0.0000,0.0000,0.0000,0.0000,0.0000,0.0000,false,false,false,""
1784216437654,0.0000,0.0000,21.9251,3.9194,0.0000,0.0000,0.0000,0.0000,0.0000,0.0000,false,false,false,""
1784216437675,0.0000,0.0000,22.0063,3.8328,0.0000,0.0000,0.0000,0.0000,0.0000,0.0000,false,false,false,""
1784216437695,0.0000,0.0000,22.0812,3.7489,0.0000,0.0000,0.0000,0.0000,0.0000,0.0000,false,false,false,""
1784216437714,0.0000,0.0000,22.1509,3.6673,0.0000,0.0000,0.0000,0.0000,0.0000,0.0000,false,false,false,""
1784216437736,0.0000,0.0000,22.2309,3.5697,0.0000,0.0000,0.0000,0.0000,0.0000,0.0000,false,false,false,""
1784216437753,0.0000,0.0000,22.2903,3.4938,0.0000,0.0000,0.0000,0.0000,0.0000,0.0000,false,false,false,""
1784216437775,0.0000,0.0000,22.3636,3.3964,0.0000,0.0000,0.0000,0.0000,0.0000,0.0000,false,false,false,""
1784216437794,0.0000,0.0000,22.4250,3.3110,0.0000,0.0000,0.0000,0.0000,0.0000,0.0000,false,false,false,""
1784216437814,0.0000,0.0000,22.4897,3.2173,0.0000,0.0000,0.0000,0.0000,0.0000,0.0000,false,false,false,""
1784216437834,0.0000,0.0000,22.5525,3.1222,0.0000,0.0000,0.0000,0.0000,0.0000,0.0000,false,false,false,""
1784216437854,0.0000,0.0000,22.6134,3.0258,0.0000,0.0000,0.0000,0.0000,0.0000,0.0000,false,false,false,""
1784216437874,0.0000,0.0000,22.6715,2.9298,0.0000,0.0000,0.0000,0.0000,0.0000,0.0000,false,false,false,""
1784216437894,0.0000,0.0000,22.7284,2.8312,0.0000,0.0000,0.0000,0.0000,0.0000,0.0000,false,false,false,""
1784216437914,0.0000,0.0000,22.7825,2.7330,0.0000,0.0000,0.0000,0.0000,0.0000,0.0000,false,false,false,""
1784216437934,0.0000,0.0000,22.8367,2.6299,0.0000,0.0000,0.0000,0.0000,0.0000,0.0000,false,false,false,""
1784216437954,0.0000,0.0000,22.8864,2.5307,0.0000,0.0000,0.0000,0.0000,0.0000,0.0000,false,false,false,""
1784216437974,0.0000,0.0000,22.9359,2.4265,0.0000,0.0000,0.0000,0.0000,0.0000,0.0000,false,false,false,""
1784216437994,0.0000,0.0000,22.9819,2.3246,0.0000,0.0000,0.0000,0.0000,0.0000,0.0000,false,false,false,""
1784216438014,0.0000,0.0000,23.0257,2.2224,0.0000,0.0000,0.0000,0.0000,0.0000,0.0000,false,false,false,""
1784216438034,0.0000,0.0000,23.0694,2.1145,0.0000,0.0000,0.0000,0.0000,0.0000,0.0000,false,false,false,""
1784216438054,0.0000,0.0000,23.1091,2.0127,0.0000,0.0000,0.0000,0.0000,0.0000,0.0000,false,false,false,""
1784216438075,0.0000,0.0000,23.1483,1.9121,0.0000,0.0000,0.0000,0.0000,0.0000,0.0000,false,false,false,""
1784216438095,0.0000,0.0000,23.1858,1.8161,0.0000,0.0000,0.0000,0.0000,0.0000,0.0000,false,false,false,""
1784216438114,0.0000,0.0000,23.2177,1.7342,0.0000,0.0000,0.0000,0.0000,0.0000,0.0000,false,false,false,""
1784216438134,0.0000,0.0000,23.2515,1.6476,0.0000,0.0000,0.0000,0.0000,0.0000,0.0000,false,false,false,""
1784216438154,0.0000,0.0000,23.2819,1.5697,0.0000,0.0000,0.0000,0.0000,0.0000,0.0000,false,false,false,""
1784216438174,0.0000,0.0000,23.3129,1.4903,0.0000,0.0000,0.0000,0.0000,0.0000,0.0000,false,false,false,""
1784216438194,0.0000,0.0000,23.3410,1.4182,0.0000,0.0000,0.0000,0.0000,0.0000,0.0000,false,false,false,""
1784216438214,0.0000,0.0000,23.3675,1.3504,0.0000,0.0000,0.0000,0.0000,0.0000,0.0000,false,false,false,""
1784216438234,0.0000,0.0000,23.3938,1.2829,0.0000,0.0000,0.0000,0.0000,0.0000,0.0000,false,false,false,""
1784216438254,0.0000,0.0000,23.4177,1.2217,0.0000,0.0000,0.0000,0.0000,0.0000,0.0000,false,false,false,""
1784216438274,0.0000,0.0000,23.4414,1.1607,0.0000,0.0000,0.0000,0.0000,0.0000,0.0000,false,false,false,""
1784216438294,0.0000,0.0000,23.4626,1.1067,0.0000,0.0000,0.0000,0.0000,0.0000,0.0000,false,false,false,""
1784216438314,0.0000,0.0000,23.4845,1.0504,0.0000,0.0000,0.0000,0.0000,0.0000,0.0000,false,false,false,""
